[
  {
    "name": "Webretro Collection",
    "path": "{{route}}{{/webretro}}",
    "img": "genesis.webp"
  },
  {
    "name": "GBA Emulator",
    "path": "{{route}}{{/webretro}}?core=mgba",
    "img": "gba.webp"
  },
  {
    "name": "NES Emulator",
    "path": "{{route}}{{/webretro}}?core=nestopia",
    "img": "nes.webp"
  },
  {
    "name": "SNES Emulator",
    "path": "{{route}}{{/webretro}}?core=snes9x",
    "img": "snes.webp"
  },
  {
    "name": "N64 Emulator",
    "path": "{{route}}{{/webretro}}?core=mupen64plus_next",
    "img": "nintendo64.webp"
  }
]
