[
  {
    "name": "Fire Emblem",
    "core": "mgba",
    "rom": "fireemblem.gba",
    "img": "fireemblem.webp"
  },
  {
    "name": "Final Fantasy 3",
    "core": "snes9x",
    "rom": "finalfantasy3.sfc",
    "img": "finalfantasy3.webp"
  },
  {
    "name": "Earthbound",
    "core": "snes9x",
    "rom": "earthbound.sfc",
    "img": "earthbound.webp"
  },
  {
    "name": "MOTHER 3",
    "core": "mgba",
    "rom": "mother3.gba",
    "img": "mother3.webp"
  },
  {
    "name": "Metroid",
    "core": "nestopia",
    "rom": "metroid.nes",
    "img": "metroid.webp"
  },
  {
    "name": "Super Metroid",
    "core": "snes9x",
    "rom": "supermetroid.sfc",
    "img": "supermetroid.webp"
  },
  {
    "name": "Metroid Fusion",
    "core": "mgba",
    "rom": "metroidfusion.gba",
    "img": "metroidfusion.webp"
  },
  {
    "name": "Metroid: Zero Mission",
    "core": "mgba",
    "rom": "metroidzeromission.gba",
    "img": "metroidzeromission.webp"
  },
  {
    "name": "Donkey Kong Country",
    "core": "snes9x",
    "rom": "donkeykongcountry.smc",
    "img": "donkeykongcountry.webp"
  },
  {
    "name": "Pokemon Crystal",
    "core": "mgba",
    "rom": "pokemoncrystal.gbc",
    "img": "pokemoncrystal.webp"
  },
  {
    "name": "Pokemon FireRed",
    "core": "mgba",
    "rom": "pokemonfirered.gba",
    "img": "pokemonfirered.webp"
  },
  {
    "name": "Pokemon Emerald",
    "core": "mgba",
    "rom": "pokemonemerald.gba",
    "img": "pokemonemerald.webp"
  },
  {
    "name": "Sonic the Hedgehog",
    "core": "genesis_plus_gx",
    "rom": "sonic.md",
    "img": "sonic.webp"
  },
  {
    "name": "Sonic 2",
    "core": "genesis_plus_gx",
    "rom": "sonic2.md",
    "img": "sonic2.webp"
  },
  {
    "name": "Sonic 3",
    "core": "genesis_plus_gx",
    "rom": "sonic3.md",
    "img": "sonic3.webp"
  },
  {
    "name": "Streets of Rage 2",
    "core": "genesis_plus_gx",
    "rom": "streetsofrage2.md",
    "img": "streetsofrage2.webp"
  },
  {
    "name": "Mortal Kombat",
    "core": "genesis_plus_gx",
    "rom": "mortalkombat.md",
    "img": "mortalkombat.webp"
  },
  {
    "name": "Mortal Kombat 2",
    "core": "genesis_plus_gx",
    "rom": "mortalkombat2.md",
    "img": "mortalkombat2.webp"
  },
  {
    "name": "Mortal Kombat 3",
    "core": "genesis_plus_gx",
    "rom": "mortalkombat3.md",
    "img": "mortalkombat3.webp"
  },
  {
    "name": "Tetris",
    "core": "mgba",
    "rom": "tetris.gb",
    "img": "tetris.webp"
  },
  {
    "name": "The Legend of Zelda",
    "core": "nestopia",
    "rom": "thelegendofzelda.nes",
    "img": "thelegendofzelda.webp"
  },
  {
    "name": "The Adventure of Link",
    "core": "nestopia",
    "rom": "theadventureoflink.nes",
    "img": "theadventureoflink.webp"
  },
  {
    "name": "The Legend of Zelda: A Link to the Past",
    "core": "snes9x",
    "rom": "alinktothepast.sfc",
    "img": "alinktothepast.webp"
  },
  {
    "name": "Link's Awakening DX",
    "core": "mgba",
    "rom": "linksawakeningdx.gbc",
    "img": "linksawakeningdx.webp"
  },
  {
    "name": "The Legend of Zelda: Oracle of Seasons",
    "core": "mgba",
    "rom": "oracleofseasons.gbc",
    "img": "oracleofseasons.webp"
  },
  {
    "name": "The Legend of Zelda: Oracle of Ages",
    "core": "mgba",
    "rom": "oracleofages.gbc",
    "img": "oracleofages.webp"
  },
  {
    "name": "The Legend of Zelda: The Minish Cap",
    "core": "mgba",
    "rom": "theminishcap.gba",
    "img": "theminishcap.webp"
  },
  {
    "name": "Super Mario Kart",
    "core": "snes9x",
    "rom": "supermariokart.smc",
    "img": "supermariokart.webp"
  },
  {
    "name": "Mario Kart: Super Circuit",
    "core": "mgba",
    "rom": "mariokartsupercircuit.gba",
    "img": "mariokartsupercircuit.webp"
  },
  {
    "name": "Super Mario Bros.",
    "core": "nestopia",
    "rom": "supermariobros.nes",
    "img": "supermariobros.webp"
  },
  {
    "name": "Super Mario Bros. 2",
    "core": "nestopia",
    "rom": "supermariobros2.nes",
    "img": "supermariobros2.webp"
  },
  {
    "name": "Super Mario Bros. 3",
    "core": "nestopia",
    "rom": "supermariobros3.nes",
    "img": "supermariobros3.webp"
  },
  {
    "name": "Super Mario Land",
    "core": "mgba",
    "rom": "supermarioland.gb",
    "img": "supermarioland.webp"
  },
  {
    "name": "Super Mario Land DX",
    "core": "mgba",
    "rom": "supermariolanddx.gbc",
    "img": "supermariolanddx-labelonly.webp"
  },
  {
    "name": "Super Mario World",
    "core": "snes9x",
    "rom": "supermarioworld.smc",
    "img": "supermarioworld.webp"
  },
  {
    "name": "Super Mario World 2: Yoshi's Island",
    "core": "snes9x",
    "rom": "supermarioworld2.smc",
    "img": "supermarioworld2.webp"
  },
  {
    "name": "Super Mario All Stars",
    "core": "snes9x",
    "rom": "supermarioallstars.sfc",
    "img": "supermarioallstars.webp"
  },
  {
    "name": "Super Mario Advance",
    "core": "mgba",
    "rom": "supermarioadvance.gba",
    "img": "supermarioadvance.webp"
  },
  {
    "name": "Super Mario Advance 2",
    "core": "mgba",
    "rom": "supermarioadvance2.gba",
    "img": "supermarioadvance2.webp"
  },
  {
    "name": "Super Mario Advance 3",
    "core": "mgba",
    "rom": "supermarioadvance3.gba",
    "img": "supermarioadvance3.webp"
  },
  {
    "name": "Super Mario Advance 4",
    "core": "mgba",
    "rom": "supermarioadvance4.gba",
    "img": "supermarioadvance4.webp"
  }
]
