[
  {
    "name": "A Dark Room",
    "path": "adarkroom/",
    "img": "darkroom.webp"
  },
  {
    "name": "Celeste Web",
    "custom": "webleste",
    "img": "celeste.webp"
  },
  {
    "name": "Terraria Web",
    "custom": "terraria",
    "img": "terraria.webp"
  },
  {
    "name": "Gopher Cart",
    "path": "gopher/",
    "img": "gopher2.webp"
  },
  {
    "name": "Run 3",
    "path": "run3/",
    "img": "r3.webp"
  },
  {
    "name": "Agar.io",
    "custom": "agar",
    "img": "agar.webp"
  },
  {
    "name": "Fireboy and Watergirl",
    "path": "firewater/",
    "img": "firewater.webp"
  },
  {
    "name": "Duck Life",
    "path": "ducklife/",
    "img": "ducklife.webp"
  },
  {
    "name": "osu!",
    "custom": "osu",
    "img": "os1.webp"
  },
  {
    "name": "Celeste Pico",
    "path": "celeste-pico/",
    "img": "celeste.webp"
  },
  {
    "name": "Friendly Fire",
    "path": "friendlyfire/",
    "img": "friendlyfire.webp"
  },
  {
    "name": "Slope",
    "path": "slope/",
    "img": "slope.webp"
  },
  {
    "name": "Slope 2",
    "path": "slope-2/",
    "img": "slope.webp"
  },
  {
    "name": "vex 3",
    "path": "vex3/",
    "img": "vex3.webp"
  },
  {
    "name": "vex 4",
    "path": "vex4/",
    "img": "vex4.webp"
  },
  {
    "name": "vex 5",
    "path": "vex5/",
    "img": "vex5.webp"
  },
  {
    "name": "Minecraft JS",
    "path": "mcjs/",
    "img": "mc.webp"
  },
  {
    "name": "What the Road Brings",
    "custom": "speed",
    "img": "speed.webp"
  },
  {
    "name": "Snake",
    "path": "snake/",
    "img": "snake.webp"
  },
  {
    "name": "Half Life 1",
    "path": "halflife/",
    "img": "halflife.webp"
  },
  {
    "name": "Super Mario 64",
    "path": "sm64/",
    "img": "sm64.webp"
  },
  {
    "name": "Pick Up Prison",
    "custom": "prison",
    "img": "prison.webp"
  },
  {
    "name": "Helo Storm",
    "custom": "heli",
    "img": "helo.webp"
  },
  {
    "name": "Retrohaunt",
    "path": "retrohaunt/",
    "img": "retrohaunt.webp"
  },
  {
    "name": "T-Rex Game (chrome://dino)",
    "path": "dino/",
    "img": "dino.webp"
  },
  {
    "name": "Run 3",
    "path": "run3/",
    "img": "r3.webp"
  },
  {
    "name": "There Is No Game",
    "path": "there-is-no-game/",
    "img": "trimps.webp",
    "description": "Pure grind."
  },
  {
    "name": "Cookie Clicker",
    "path": "cookieclicker/",
    "img": "cookie.webp"
  },
  {
    "name": "Particle Clicker",
    "path": "particle-clicker/",
    "img": "pclick.webp"
  },
  {
    "name": "Evil Glitch",
    "path": "evilglitch/",
    "img": "glitch2.webp"
  },
  {
    "name": "Candybox 2",
    "path": "candybox/",
    "img": "candybox2.webp"
  },
  {
    "name": "Pac-man",
    "path": "pacman/",
    "img": "pcma.webp",
    "description": "The classic."
  },
  {
    "name": "Flappy Bird",
    "path": "flappybird/",
    "img": "flappybird.webp"
  },
  {
    "name": "Bounce Back",
    "path": "bounceback/",
    "img": "bounceback.webp"
  },
  {
    "name": "The Chroma Incident",
    "path": "chromaincident/",
    "img": "chroma.webp"
  },
  {
    "name": "Sleeping Beauty",
    "path": "sleepingbeauty/",
    "img": "sleep.webp"
  },
  {
    "name": "Tetris",
    "path": "tetris/",
    "img": "tet.webp"
  },
  {
    "name": "The House",
    "path": "househorror/",
    "img": "thehouse.webp"
  },
  {
    "name": "Martian Mayhem",
    "path": "martianmayhem/",
    "img": "martianmayhem.webp"
  },
  {
    "name": "The Pond",
    "path": "pond/",
    "img": "thepond.webp"
  },
  {
    "name": "NS Shaft",
    "path": "nsshaft/",
    "img": "nsshaft.webp"
  },
  {
    "name": "Game Off",
    "path": "house/",
    "img": "gameoff.webp"
  },
  {
    "name": "2048",
    "path": "2048/",
    "img": "2048.webp"
  },
  {
    "name": "Asteroids",
    "path": "asteroids/",
    "img": "asteroids.webp"
  },
  {
    "name": "Breaklock",
    "path": "breaklock/",
    "img": "breaklock.webp"
  },
  {
    "name": "Backcountry",
    "path": "backcountry/",
    "img": "backcountry.webp"
  },
  {
    "name": "Breakout",
    "path": "breakout/",
    "img": "breakout.webp"
  },
  {
    "name": "Chess",
    "path": "chess/",
    "img": "chess2.webp"
  },
  {
    "name": "Quake III Arena",
    "path": "quake3/",
    "img": "quake3.webp"
  },
  {
    "name": "Connect 3",
    "path": "connect3/",
    "img": "connect.webp"
  },
  {
    "name": "Towermaster",
    "path": "towermaster/",
    "img": "tower.webp"
  },
  {
    "name": "Geometry Dash",
    "path": "geometrydash/",
    "img": "geometrydash.webp"
  },
  {
    "name": "Hextris",
    "path": "hextris/",
    "img": "hextris.webp"
  },
  {
    "name": "Astray",
    "path": "astray/",
    "img": "astray.webp"
  },
  {
    "name": "Konnekt",
    "path": "konnekt/",
    "img": "konnekt.webp"
  },
  {
    "name": "Push Back",
    "path": "pushback/",
    "img": "pushback.webp"
  },
  {
    "name": "Underrun",
    "path": "underrun/",
    "img": "underrun.webp"
  },
  {
    "name": "JS Racer",
    "path": "racer/",
    "img": "racer.webp"
  },
  {
    "name": "xx142-b2.exe",
    "path": "xx142-b2exe/",
    "img": "142.webp"
  },
  {
    "name": "Factory Balls Forever",
    "path": "factoryballsforever/",
    "img": "factory.webp"
  }
]
